degradation_type,mse_improvement,psnr_improvement,ssim_improvement
blurry,-250.08952560424805,-2.66550651702973,-0.02248699516057968
color_shift,-40.25631985664368,1.553116122222662,-0.04535137414932251
dark,3180.9777336120605,4.700981554288945,0.22621228843927382
low_contrast,505.2131401062012,1.7820531515552456,0.1002553716301918
noisy,-37.95995540618897,2.8933271336787225,0.19394132923334836
